" آبخست",جزیره,abxodt,,
" آبخست",خشکی میان آب,abxodt,,
"ﺁﺗﺸﺪﺍﻥ",ﻣﻨﻘﻞ,,,
"ـاچ",اﻳﻦ ﭘﺴﻮﻧﺪ ﺑﺮﺍی ﭘﺪﻳدﺁﻭﺭﺩﻥ ﻧﺎﻡ «ﺍﻓﺰﺍﺭ یک‌کاری» میﺑﺎﺷﺪ,_ach,ﻫﻤﭽﻮﻥ «ﺷﻜﻨﺎﭺ» ﺍﻓﺰﺍﺭ ﺷﻜﺴﺘﻦ. ﺟﻨﮕﺎﭺ، ﻧﻮﻳﺴﺎچ، ﻛﻮﺑﺎﭺ، ﺳﻨﺠﺎﭺ ﻭ ﻣﺎﻧﻨﺪ ﺍﻳﻨﻬﺎ ﻧﻴﺰ می‌توان ﺑﻜﺎﺭ ﺑﺮﺩ,
"آخشيج",ضد,,گاهی در معنی عنصر نیز به‌کار رفته است,
"آخشيج",نقيض,,گاهی در معنی عنصر نیز به‌کار رفته است,
"ـاد",این پسوند باهم بودن چند کسی را برای کاری رساند,_ad,مانند «نویساد» به‌معنی هیئت تحریریه. واژه‌های بسیاری از این پسوند توان ساخت؛ همچون نوزاد، سکالاد، کوشاد، ورزاد و مانند آن.,
"آدميگری",انسانيت,,,
"آدميگری",داشتن خیم‌های انسانی,,,
"آدينه",جمعه,,,
"ـار",,_ar,,
"آراستن",چیزی را راست گردانیدن و خوبی‌هایی به آن افزودن,,با پیراستن سنجیده شود,
"آراستن",زینت کردن با افزودن چیزهایی,,با پیراستن سنجیده شود,
"آرایه",زیور,,اکنون به آن پیرایه میگویند که پیداست غلط است,
"آرایه",آنچه برای آراستن به‌کار رود,,اکنون به آن پیرایه میگویند که پیداست غلط است,
"آرمان",آرزوی بزرگ,,,
"آرمان",ایده‌آل,,,
"آز",حرص,,,
"آز",گرایش بیش از اندازه به چیزی,,,
"آزار",اذیت,,,
"آزارا",موزی,,,
"آزرم",شرف,,,مرد آزرمیست و به کسی آزار نرساند
"آزرم",بایستگی به نام نیک خود,,,مرد آزرمیست و به کسی آزار نرساند
"آزرم",کسی که به نیکی و آراستگی خود دلبستگی نماید و در بند نام نیک باشد,,,مرد آزرمیست و به کسی آزار نرساند
"آزمند",حریص,,,
"آسایش",رفاه,,,
"آسایش",راحتی,,,
"آسمانه",سقف,,,
"ﺁﺳﻴﺐ",آفت,,,
"آغازیدن",شروع کردن,,,
"آغازیدن",شروع شدن,,,
"آغالانیدن",تحریک کردن,,,
"آغالانیدن",به شورش داشتن,,,
"آفرش",خلقت,,اسم مصدر از آفریدن,
"آفرش",آفرینش,,اسم مصدر از آفریدن,
"آفرنده",خالق,,,
"آفرنده",آفریننده,,,
"ـاک",این پسوند معنی «آنچه کنند» را رساند,_ak,همچون «خوراک» که به معنی آنچه خورند است. نیز می‌توان از آن واژه‌های آموزاک، داراک، خاناک و مانند این‌ها پدید آورد,
"آک",عیب,,پیش از گزیدن این واژه، «آهو» به معنی عیب به‌کار برده می‌شد. ولی چون آن نام جانوری نیز می‌باشد، پس «آک» به‌کار برده شد,
"آکمند",معیوب,,,
"آکمند",عیب‌دار,,,
"آکندن",پر کردن,,,
"آگاه",مطلع,,,
"آگاه",باخبر,,,
"آگاهانیدن",مطلع گردانیدن,,,
"آگاهی",اطلاع,,«آگهی» سبک‌شده‌ی آن است,
"آگاهی",خبر,,«آگهی» سبک‌شده‌ی آن است,
"آگهی‌نویس",خبرنگار,,,
"آلودن",آلوده‌کردن,,,
"آمرزش",عفو,,,
"آمرزش",چشم‌پوشی از گناه کسی,,,
"آمرزگار",عفوکننده,,,
"آمرزیدن",عفوکردن,,,
"آمرزیدن",از گناه کسی چشم‌پوشیدن,,,
"آموزاک",آنچه آموزند,,آموز+اک,
"آموزاک",تعلیمات,,آموز+اک,
"آمیغ",حقیقت,,گاهی هم «راستی» در همین معنی به‌کار رفته,
"آمیغ",راست یک‌چیز,,گاهی هم «راستی» در همین معنی به‌کار رفته,
"آمیغ",یک‌چیز همچنان که هست,,گاهی هم «راستی» در همین معنی به‌کار رفته,
"آمیغ‌پژوهی",حقیقت‌طلبی,,,
"آنگاه",آن‌هنگام,,,شما پول به‌دست آور، آنگاه توانی خانه‌ای خرید
"آوازه",شهرت,,,
"آوازه",معروفیت,,,
"آهسته",آخشیج تند,,,
"آهسته",بطی,,,
"آهنگ",قصد,,,
"آهنگ",اراده,,,
"آهیختن",کشیدن و بیرون آوردن,,مانند شمشیر,
"آیفت",حاجت,,که از کسی خواسته شود,
"آیین",شریعت,,,
"آیین",سنت,,,
"آیین",قاعده همگانی بزرگ,,,
"ابزار",آلت,,,
"ابزار",افزار,,,
"ابزار",وسیله,,,
"ابزارسازی",صنعت,,,
"ارج",قدر,,,
"ارج",اهمیت,,,
"ارجدار",باقدر,,,
"ارجدار",بااهمیت,,,
"ارج‌شناسی",قدرشناسی,,,
"ارجمند",باقدر,,,فلان دانشمند است و مرد ارجمندیست
"ارجمند",بااهمیت,,,فلان دانشمند است و مرد ارجمندیست
"ارجمند",کسی که خود دارای ارج باشد,,,فلان دانشمند است و مرد ارجمندیست
"ارزش",قدر,,با بها فرق دارد,
"ارزش",قیمت,,با بها فرق دارد,
"ارمغان",هدیه,,,
"اروپایی‌گری",پیروی از آیین و آداب اروپاییان کردن و هوادار آن بودن,,,
"اروپایی‌گری",غرب‌زدگی,,,
"ازانا",ازاننده,,,
"ازانا",مالک,,,
"ازانش",مالکیت,,,
"ازانیدن",مالک شدن,uzanidun,,
"ازانیدن",تملک,uzanidun,,
"استردن",پاک کردن,ostordun,,
"استردن",محو کردن,ostordun,,
"استره",تیغ سلمانی,,,
"استره",افزار استردن,,,
"استوار",محکم,,,
"افزار",ابزار,,,
"افسانه",داستان دروغ و خیالی,,,
"اکنون",حال,,,
"اکنون",حاضر,,,
"اگر",برای شرط است و در جایی آورده شود که بودن چیزی در آینده دانسته نیست,,,اگر مهمانی رسید در به‌رویش باز کنید
"اگرچه",اگرهم,,به‌کار بردن آن در معنی «باآنکه» غلط است. «اگرچه» را باید در کارهای آینده که بودنش و نبودنش نادانسته است به‌کار برد.,دستگیری از بی‌نوایان دریغ ندار اگرچه خود دست‌تنگ باشی
"امیدمند",امیدوار,,,
"انبوه",جمع کثیر,,,
"انبوه",عده‌بسیار,,,
"انبوهی",کثرت,,,
"انبوهی",شلوغی,,,
"انجامیدن",پایان پذیرفتن,,در برابر آغازیدن,
"اند",مقدار,,گاهی به‌معنای «خرده» می‌آید. مانند «سی‌واند سال پیش» که اکنون گفته می‌شود «سی‌وخرده‌ای سال پیش».,
"اندازه‌دارای",اقتصاد,,,
"اندازه‌دارای",عقل,,,
"اندازه‌دارای",معاش,,,
"اندام",عضو,,بدن، اداره، موسسه، هیئت,
"اندرز",سخنان‌پندآمیز,,اندرز با «پند» کمی جدایی دارد. «تو پدر من و توانی به من بپندید»، «اندرزهای تو را فراموش نکردم».,
"اندک",مقدار کم,,اند + ک,
"اندی",مقداری,,,
"اندیشه",فکر,,,
"اندیشه",تفکر,,,
"انگار",فرض,engar,,
"انگاره",فرضیه,,,
"انگاریدن",انگاشتن,,,
"انگاریدن",فرض کردن,,,
"انگاریدن",بودن چیزی را به اندیشه گرفتن و دانستن که بدان گونه نیست,,,
"انگبین",عسل,,,
"انگیزش",تحریک,,,
"انگیزه",محرک,,,
"انگیزه",باعث,,,
"انگیزه",آنچه کسی را به‌یک کاری برمی‌انگیزد,,,
"انگیختن",انگیزیدن,,,
"انگیختن",باعث شدن,,,
"انگیختن",کسی را به‌کاری واداشتن,,,
"باختر",شمال,,,
"باده",مشروب,,,
"باده",می,,,
"باده‌خوار",می‌خواره,,,
"بارده",حاصلخیر,,,
"باری",اقلا,,با «دست‌کم» فرق دارد,
"باری",لااقل,,با «دست‌کم» فرق دارد,
"باریک‌بین",دقیق,,,
"باریک‌بینی",دقت,,,
"باز",به‌این‌طرف,,,از صد سال باز، از صد سال پیش به‌این‌طرف
"بازایستادن",خودداری کردن,,,
"بازایستادن",امتناع کردن,,,
"بازبسته",منوط,,,
"بازپرس",مستنطق,,,
"بازتاب",انعکاس نور,,,
"بازجو",مفتش,,,
"بازداشتن",مانع شدن,,,
"بازداشتن",بازداشت کردن,,,
"بازگشت",مراجعت,,,
"بازگشتن",مراجعت کردن,,در این معنی برگشتن غلط است,
"بازگفتن",نقل کردن,,,
"بازنمودن",بیان کردن,,,
"بازنمودن",روشن گردانیدن مطلبی,,,
"بازنوشتن",پاک‌نویس کردن,,,
"باستان",قدیم,,,
"باشا",باشنده,,,
"باشا",حاضر,,,
"باشا",موجود,,,
"باشد",تواند بود,,,
"باشد",شاید,,شاید در این معنی غلط باشد,
"باشندگان",موجودات,,,
"باشندگان",حاضران,,,
"باشندگان",حضار,,,
"باشنده",موجود,,,
"باشنده",حاضر,,,
"باطنیگری",کیش باطنی «اسماعیلی» داشتن و هوادار آن بودن,,کتاب راه رستگاری دیده شود,
"باک",توجه به خطر و زیان‌های احتمالی,,بی‌باک یعنی کسی که بی‌توجه به خطر و زیان‌های احتمالی به کاری پردازد,
"بالیدن",بلند شدن,,,
"بالیدن",قد برافراشتن,,,
"بامداد",صبح,,,
"باور",عقیده,,,
"باهماد",جمعیت,bahumad,"با هم + اد (بر وزن با سواد) ",
"باهماد",حزب,,,
"باهماد",دسته‌ای که با هم اندیشه و آرمان یکی کرده برای رسیدن به هدف متحد شده باشند,,,
"باهمی",اتحاد,,,
"باهمیدن",متحد شدن,,,
"باهمیدن",آرمان و اندیشه را یک گردانیدن و به هم پیوستن,,,
"بایا",وظیفه,,,
"بایا",واجب,,,
"بایستن",واجب بودن,,,
"باینده",وظیفه,,,
"باینده",واجب,,,
"بخشایش",رحم,,,
"بخشاییدن",رحم کردن,,,
"بخشش",قسمت,,در معنی «رحم» باید «بخشایش» گفت,
"بخشش",تقسیم,,در معنی «رحم» باید «بخشایش» گفت,
"بخشودن",رحم کردن,,,
"بخشیدن",تقسیم کردن,,این را نباید در معنی «آمرزیدن» یا «دادن» به‌کار برد,
"به‌خود",خود به‌ خود,,,
"بدآموز",کسی که چیز‌های بد و دور از حقیقت یاد دهد,,,
"بدآموز",گمراه کننده,,,
"بدآموزی",آموختن چیزهای بد و گمراه کننده,,,
"بدخواه",خائن,,,
"بدخواه",دارای سوء نیت,,,
"بدخواهی",خیانت,,,
"بدخواهی",سوء نیت,,,
"بدرود",خداحافظی,,,
"بدرود",به‌سلامت,,,
"بدفهمی",سوء تفاهم,,,
"بدگمانی",سوء ظن,,,
"بدنهاد",دارای نهاد بد,,,
"بدنهاد",بدسرشت,,,
"بدنهاد",نانجیب,,,
"به دیده گرفتن",در نظر گرفتن,,,
"برآشفتن",تغییر کردن,,,
"برآشفتن",خشمناک شدن,,,
"برآغالانیدن",تحریک کردن و بر کسی برخاستن و هایهوی و دشمنی کردن,,,
"به راست داشتن",تصدیق کردن,,,
"برانگیخته",راهنما,,,
"برانگیخته",کسی که برای راهنمایی بشر برخاسته,,,
"برتافتن",تحمل کردن,,از «تاب»، به معنی «تحمل» گرفته شده,
"برخ",حوزه,burx,بر وزن چرخ,
"برخ",بخش کوچکی از یک باهماد,burx,بر وزن چرخ,
"برخاستن",بلند شدن و ایستادن,,,
"برخاستن",اقدام کردن,,,
"برخاستن",سرچشمه گرفتن,,,
"برخوردار",متمتع,,,
"برخورداری",تمتع,,,
"بردبار",صبور,,,
"بردبار",متحمل,,,
"برکناری",عزل,,,
"برکناری",خلع,,,
"بزنده",مجرم,,,
"بزنده",بزهکار,,,
"بزه",جرم,bezah,,
"بزه",گناه,bezah,,
"بزهکار",بزنده,,,
"بزهکار",مجرم,,,
"بزهکار",مقصر,,,
"بزیدن",بزه کردن,bezidun,,
"بسامان",منظم,,,
"بسنده",کافی,,,
"بسنده کردن",اکتفا,,,
"بسیج",تدارک,,,
"بسیج",تهیه,,,
"بسیجنده",تولید کننده,,,
"بسیجنده",تهیه کننده,,,
"بسیجیدن",تدارک دیدن,,,
"بسیجیدن",تهیه کردن,,,
"بسیجیده",مهیا,,,
"بسیجیده",تدارک دیده شده,,,
"بسیجیده",بکار بردن,,,
"بسیجیده",کارآمد,,,
"بسیجیده",کار کن,,,
"به‌کار",کار آمد,,,
"به‌کار",کار کن,,,
"به‌کار بردن",استعمال کردن,,,
"به‌کار بستن",اجرا کردن,,,
"به‌کار بستن",عمل کردن,,,
"به‌گردن گرفتن",قبول کردن,,قبول کردن مسئولیت یا شغل,
"بلهوس",دارای هوسبازی بسیار,bolhuvus,,
"بلهوس",هوسباز,,,
"به‌مزد دادن",کرایه دادن,,,
"به‌مزد گرفتن",کرایه کردن,,,
"بندواژه",حرف,,اصطلاح دستوری,
"بنیاد",اساس,,,
"به‌نیک داشتن",تحسین کردن,,,
"به‌وارونه",برعکس,,,
"بوزینه",میمون,,,
"به‌ویژه",مخصوصا,,,
"به‌ویژه",به‌خصوص,,,
"بها",قیمت,,برای دانستن فرق آن با «ارزش» باید توجه داشت که مثلا اگر بهای کتابی ۱۵۰ ریال باشد، تواند بود که هیچ ارزشی ندارد و یا کتابی با ۲۰ ریال بها تواند بود که ارزش فراوانی دارد,
"بهائیگری",کیش بهایی داشتن و هوادار آن بودن,,,
"بهبود",شفا,,افزودن «ی» به این واژه (بهبودی) غلط است,
"بهر",برای,,,
"بهره",نصیب,,,
"بی‌آک زی",بی‌عیب زندگی کن,,در پاسخ «پاک زی» گفته شود,
"بی‌باک",کسی که زیان‌های احتمالی چیزی را به‌دیده نگیرد,,بی‌باک با دلیر جدایی دارد,بی‌باکان بهر کاری در آمدی
"بیابانیگری",وحشیگری,,در برابر شهری‌گری,
"بی‌بهره",بی‌نصیب,,,
"بی‌پا",بی‌اساس,,,
"بی‌پروا",بی‌توجه به کسی یا چیزی,,,
"بی‌درنگ",بلافاصله,,,
"بی‌درنگ",بدون تامل,,,
"بی‌زاری",طلاق,,,
"بیشینه",حداکثر,,,
"بیشینه",ماگزیمم,,,
"بی‌فرهنگ",بی‌ادب,,,
"بی‌فرهنگی",بی‌ادبی,,,
"به‌یکبار",یک‌دفعه,,,
"به‌یکبار",به‌ناگاه,,,
"به‌یکبار",به‌کلی,,,
"بی‌گفتگو",نیازی به گفتگو (بحث) نیست,,,
"بی‌گمان",به‌یقین,bigoman,,
"بی‌گمان",مطمئنا,bigoman,,
"بیم",ترس از خطر یا زیان احتمالی,,این واژه در برابر «امید» می‌باشد و با «ترس» و «هراس» جدایی دارد,بیم داشت دزد به خانه‌اش بیاید
"بیناک",آنچه ببیند,,بین+اک,
"بینش",بصیرت,,,
"بینشمند",بصیر,,,
"بیوسان",منتظر,,,
"بیوسیدن",منتظر بودن,,,
"بی‌هوده",بی‌نتیجه,,بی+هوده,
"بی‌یکسو",بی‌طرف,,,
"بی‌یکسویانه",بی‌طرفانه,,,
"بی‌یکسویی",بی‌طرفی,,,
"پابستگی",تقیید,,,
"پابستگی",قید بودن,,,
"پابسته",مقید,,,
"پاد",در برابر یک چیز یا پاسخ‌ده آن,pad_,مانند دارویی که در برابر زهر برای پاسخ‌دهی به آن داده شود,
"پاد",آنتی,pad_,,
"پادآواز",انعکاس صوت,,,
"پاداش",سزای کار نیک,,,
"پادرزم",حمله متقابل,,,
"پادزهر",ضدزهر,,,
"پادزهر",تریاق,,,
"پادکار",عکس‌العمل,,,
"پادکار",کاری که در برابر یا در پاسخ کاری کنند,,,
"پارد",ماده,pard,بر وزن کارد,
"پارد",متریال,pard,بر وزن کارد,
"پاردیگری",مادیگری,,,
"پاردیگری",ماتریالیسم,,,
"پاس",احترام,,,
"پاسخ‌ده",مسئول,,,
"پاسخ‌دهی",مسئولیت,,,
"پاسدارانه",محترمانه,,,
"پاسدارانه",با رعایت احترام,,,
"پاس داشتن",احترام گذاشتن,,,
"پافه",اجاره,,,
"پافیدن",اجاره کردن,,,
"پاک",به‌کلی,,,
"پاک",سر تا پا,,,
"پاک‌زی",پاک زندگی کردن,,به جای سلام گفته می‌شود,
"پایگاه",مرتبه,,,
"پایگاه",مقام,,,
"پایندان",ضامن,,,
"پایندان",کفیل,,,
"پایندیدن",ضمانت کردن,,,
"پایندیدن",ضامن شدن,,,
"پایه",قاعده,,,
"پتیاره",بلا,,,
"پتیاره",آسیب‌های همگانی که از سپر برآید,,,
"پدید آوردن",به‌وجود آوردن,,,
"پدید آوردن",ایجاد کردن,,,
"پرا",پرنده,,,
"پراکندن",منتشر کردن,,,
"پراکندن",شایع کردن,,,
"پراکنده",منتشر,,,
"پراکنده",شایع,,,
"پراکنده",نثر,,آخشیج پیوسته,
"پرده‌داری",حجاب,,,
"پرستار",خدمتکار,,,
"پرستش",خدمت,,,
"پرستیدن",خدمت کردن,,,
"پرسش",سؤال,,,
"پرگ",اجازه,parg,بر وزن برگ,
"پرگ",اذن,parg,بر وزن برگ,
"پروا",اندیشه کسی یا چیزی را داشتن و نیکی برای او خواستن,,به‌کار بردن آن در معنی ترس غلط است,
"پروا",توجه,,به‌کار بردن آن در معنی ترس غلط است,
"پروا",اعتنا,,,
"پرهیزیدن",دوری گزیدن,,,
"پرهیزیدن",پرهیز کردن,,,
"پژوهش",تحقیق,,,
"پژوهنده",پژوها,,,
"پژوهنده",محقق,,,
"پژوهیدن",تحقیق کردن,,,
"پژوهیدن",جستجو از حال و چگونگی چیزی کردن,,,
"پسادست",نیسه,,آخشیج دستادست,
"پسرفت",تنزل,,آخشیج پیشرفت,
"پیسن",مؤخر گذشته نزدیک,,آخشیج پیشین,
"پسینیان",مؤخرین,,آخشیج پیشینیان,
"پشته",پلاتو,,نام جغرافیایی که به غلط فلات می‌گویند,
"پشته",نجد,,نام جغرافیایی که به غلط فلات می‌گویند,
"پلشت",نجس,,,
"پلشت",ناپاک,,,
"پناهیدن",پناه بردن,,,
"پند",نصیحت,,,
"پند",به کسی راه نمودن و نیک و بد را یاد دادن,,,
"پندار",زعم,pendar,,
"پندار",خیال,pendar,,
"پندار",خرافه,pendar,,
"پندار",چیزی بی‌دلیل که به اندیشه گیرند,pendar,,
"پنداری",خیالی,,,
"پنداری",موهوم,,,
"پوزش",عذر,,,
"پوزش",پشیمانی و آمرزش خواهی,,,
"پهل",شک,pehug,بر وزن جگر,
"پهلیدن",شک کردن,,,
"پهلیدن",دودل ماندن,,,
"دن",شک کردن,,,
"پی بردن",درک کردن,,,
"پیدایش",پیدا شدن یا به وجود آمدن چیزی یا جایی,,,
"پیراستن",چیزی را پاک گردانیدن,,,
"پیراستن",آلودگی‌ها را از چیزی دور گردانیدن,,,
"پیراستن",از فزونی‌ها و چیزهای نابه‌جا پاک گردانیدن به منظور بهتر یا زیباتر کردن چیزی,,,
"پیرامون",اطراف,,,
"پیرامون",حول,,,
"پیرامون",محیط,,,
"پیرامونیان",اطرافیان,,,
"پیش‌آمد",حادثه,,,
"پیشرفت",ترقی,,,
"پیش‌رفتن",پیشرفت کردن,,,
"پیش‌گفتار",مقدمه,,مقدمه کتاب و مانند آن,
"پیش‌گویی",آگاهی دادن از آینده,,پیش‌بینی‌ای که از روی آگاهی و سنجش باشد جز این است,
"پیشه",کسب,,,
"پیشه",حرفه,,,
"پیشین",متقدم,,,
"پیشین",سابق,,,
"پیشین",گذشته,,,
"پیشینه",سابقه,,,
"پیشینیان",متقدمین,,,
"پیکار",زد و خورد و یا گفتگوی دشمنانه دو تن با یکدیگر بی‌اسلحه,,,
"پیکاریدن",زد و خورد و یا گفتگوی دشمنانه دو تن با یکدیگر بی‌اسلحه,,,
"پیکره",عکس,,برخی این واژه را در معنای مجسمه به‌کار می‌برند، ولی در زبان پاک به جای آن تندیسه گفته می‌شود,
"پیکره",فتوگراف,,برخی این واژه را در معنای مجسمه به‌کار می‌برند، ولی در زبان پاک به جای آن تندیسه گفته می‌شود,
"پیمان",عهد,,,
"پیمان",میثاق,,,
"پیوستگی",اتصال,,,
"پیوستگی",ارتباط,,,
"پیوسته",نظم,,در برابر نثر,
"پیوسته",آخشیج پراکنده,,,
"تاب",تحمل,,,
"ییلاق",تابستانگاه,,,
"تاراج",غارت,,,
"تازی",عرب,,,
"تازی",عربی,,,
"تاوان",جریمه,,,
"تاوان",غرامت,,,
"تاهیدن",محاکمه کردن,,,
"تاهیدن",حق خود ثابت کردن,,,
"تبار",نسب پدران کسی,tubar,,
"تباه",فاسد,,,
"تباه",ضایع,,,
"تباهکاری",فساد,,,
"تباهکاری",ضایع کردن,,,
"ترجمان",مترجم,turjoman,واژه فارسی است که به عربی رفته,
"تردامن",فاسق,,آخشیج پاک‌دامن,
"ترسا",مسیحی,,,
"ترسا",عیسوی,,,
"تکه",قطعه,,,
"تلبیدن",طلبیدن,,در برخی نوشته‌ها طلبیدن به این رویه نوشته شده,
"تن",بدن,,,
"تن",نفر,,,
"تن‌آسایی",تنبلی,,,
"تناشویی",آب تنی و شستشوی تن,,,
"تندیسه",مجسمه,,,
"تنگنا",مضیقه,,,
"تواند بود",شاید,,به‌کار بردن شاید در این معنی غلط است,
"تواند بود",ممکن است,,به‌کار بردن شاید در این معنی غلط است,
"تواند بود",یحتمل,,به‌کار بردن شاید در این معنی غلط است,
"توده",ملت و مردم,,,
"توده‌ای",وابسته به مردم,,,
"توده‌ای",ملی,,,
"توزیدن",تحصیل کردن,,,
"توزیدن",به‌دست آوردن,,,
"تهی",خالی,tuhi,این واژه از ته+ی پدید آمده است و بر وزن پری می‌باشد,
"تیره",طایفه,,معنی دیگر خود را نیز دارد,
"تیره",گروهی از مردم که هم‌نژادند,,معنی دیگر خود را نیز دارد,
"تیمار",غم‌خواری,,,
"تیمار",دل‌سوزی,,,
"تیمار",پرستاری,,,
"جان",مایه زندگی که در جانداران است,,,
"جایگاه",مقام,,,
"جبریگری",به جبر باور داشتن و هوادار آن بودن,,,
"جداسر",مستقل,,,
"جداسر",سرکش,,,
"جداسری",استقلال,,,
"جداسری",سرکشی,,,
"جدا شده",مشتق,,,
"جدایی",تفاوت,,,
"جدایی",فرق,,,
"جربزه",استعداد,,,
"جربزه",توانایی انجام دادن یک کار,,,
"جستار",مبحث,jostar,جست+ار,
"جستار",جستن زیاد یا دنباله‌دار,,,
"جلو رفتن",مانع شدن,,,
"جلو رفتن",جلوگیری کردن,,,
"جلوگیری",ممانعت,,,
"جلوگیر",مانع,,,
"جنبش",نهضت,,,
"جنبش",حرکت,,,
"جنگ",دو گروه یا دو تن در برابر هم استند و با جنگاچها به کشتن یکدیگر کوشند,,,
"جنگیدن",دو گروه یا دو تن در برابر هم استند و با جنگاچها به کشتن یکدیگر کوشند,,,
"جنگاچ",اسلحه,,جنگ+اچ,
"جنگاچ",افزار جنگ,,جنگ+اچ,
"جولاهک",عنکبوت,,,
"جویش",جستجو,,,
"جوین",پدید آمده از جو,,جو+ین,
"جهان",گیتی با زندگی و زندگان و آدمی,,,
"چاپاک",آنچه چاپ شود,,چاپ+اک,
"چاپاک‌ها",مطبوعات,,,
"چاره‌داری",تفویض اختیار,,آخشیج ناچار به معنی جبر,
"چامه",شعر,,,
"چامه‌گو",شاعر,,,
"چایان",لرزان از سرما,,,
"چاییدن",از سرما ناآسوده شدن,,,
"چبود",ماهیت,chebood,چه+بود,
"چخش",مجادله,,,
"چخش",جدال لفظی,,,
"چخیدن",مجادله کردن,,,
"چخیدن",به دلیل گردن نگزاردن در گفتگو,,,
"چرا",چرنده,chura,بر وزن بلا,
"چرند",سخن بی‌معنی,,,
"چه‌سان",چگونه,chesan,چه+سان,
"چه‌سان",به چه صورت,chesan,چه+سان,
"چشم پوشیدن",چشم پوشی کردن,,,
"چشم پوشیدن",نادیده گرفتن,,,
"چشم داشت",انتظار,,,
"چشم داشت",توقع,,,
"چلیپا",صلیب,,,
"چندان",آنقدر,,چند+ان. به‌کار بردن در معنی بسیار غلط است,آن اندازه آب آمد که باغ سیراب شد
"چندگاهه",موقتی,,,
"چندگاهه",موقت,,,
"چندین",اینقدر,,به‌کار بردن آن در معنی چند غلط است,چندین پول را برای چه می‌خواهی
"چندین",این اندازه,,به‌کار بردن آن در معنی چند غلط است,چندین پول را برای چه می‌خواهی
"چهره‌بینی",فراست,,در این معنی گاهی نیز چهره‌شناسی به‌کار رفته است,
"چهره‌بینی",پی بردن به حال‌های درونی کسی از راه دیدن چهره او,,در این معنی گاهی نیز چهره‌شناسی به‌کار رفته است,
"چیرگی",غلبه,,,
"چیره",غالب,,,
"چیره‌دستی",اجحاف,,,
"چیستان",معما,,,
"چیستان",لغز,,,
"خاچ",صلیب,,,
"خامه",قلم,,,
"خانگی",اهلی,,,
"خاور",مغرب,,,
"خاور",غرب,,,
"خجسته",مبارک,,,
"خجسته‌باد",تبریک,,در روزبه‌ها به همدیگر توان گفت,
"خراباتی‌گری",افکار خراباتیانه داشتن و هوادار آن بودن,,,
"خرد",عقل,xerud,بر وزن پسر,
"خرد",نیروی شناسنده نیک از بد، سود از زیان و راست از ناراست,xerud,بر وزن پسر,
"خرد",کوچک,xord,بر وزن پشت,
"خرد",ریز,xord,بر وزن پشت,
"خرده",عیب,xordee,,
"خرده",ایراد,xordee,,
"خرده خودکامگی",استبداد صغیر,,,
"خرده‌گیری",عیب‌گیری,,,
"خرده‌گیری",ایرادگیری,,,
"خرسند",با سعادت,,,
"خرسند",آن که از حال خود خوشنود است,,,
"خرسندی",سعادت,,,
"خرنده",خریدار,,,
"خزا",خزنده,,,
"خستوان",معترف و مقر,xutovan,,
"خستو",معترف و مقر,,,
"خستونده",معترف و مقر,,,
"خستوش",اعتراف,,,
"خستوش",اقرار,,,
"خستویدن",اعتراف کردن,,,
"خستویدن",اقرار کردن,,,
"خشنود",راضی,,,
"خشنودی",رضایت,,,
"خواب‌گزاری",تعبیر خواب,,,
"خواست",قصد,,,
"خواست",مقصود,,,
"خواست",اراده,,,
"خواناک",آنچه خوانده شود,xanak,خوان+اک,
"خود",حتی,,حرف تاکید، معنی خود را نیز دارد,
"خودپسند",متکبر,,,
"خودخواهی",حب‌الذات,,این واژه را در معنی تکبر به‌کار بردن غلط و به‌ جای آن خود‌پسندی درست است,
"خودخواهی",خواستن خود و برای خود,,این واژه را در معنی تکبر به‌کار بردن غلط و به‌ جای آن خود‌پسندی درست است,
"خودکامگی",استبداد,,,
"خودکامه",مستبد,,,
"خورآیان",مشرق,,,
"خوی",اعمال اکتسابی,,آنچه کسی از سرشت خود نداشته و سپس یاد گرفته و پذیرفته,با او می‌زیست و خوی‌های بد او را یاد گرفته است
"خوی",عادت,,آنچه کسی از سرشت خود نداشته و سپس یاد گرفته و پذیرفته,با او می‌زیست و خوی‌های بد او را یاد گرفته است
"خیزاب",موج,,,
"خیزش",قیام,,,
"خیم",خلق,,آنچه آدمی از سرشت خود دارد. همچون خشم، آز، سرکشی، ستم‌گری، نیک‌خواهی، آمیغ‌پژوهی و مانند این‌ها,
"خیم",خصلت,,آنچه آدمی از سرشت خود دارد. همچون خشم، آز، سرکشی، ستم‌گری، نیک‌خواهی، آمیغ‌پژوهی و مانند این‌ها,
"داراک",آنچه دارند,darak,دار+اک,
"داراک",مال,darak,دار+اک,
"دارنده",صاحب,,,
"داناک",آنچه دانند,danak,دان+اک,
"داناک",معلومات,danak,دان+اک,
"دانسته",معلوم,,,
"دانگی‌ها",حبوبات,,,
"دانگی‌ها",غلات,,,
"داور",قاضی,,,
"داور",قضاوت کننده,,,
"داورزاد",هیئت داوری,,,
"داورزاد",چند تن که برای داورزیدن گرد آمده‌اند,,,
"داورزیدن",قضاوت کردن,davurzidun,کار قاضی,
"داوری",قضاوت,,,
"داونده",مدعی,,,
"داویدن",ادعا کردن,,,
"دد",جانور وحشی,,,
"در",باب,,در کتاب‌ها نیز می‌توان به‌کار برد. معنی خود را نیز دارد,
"درآمد",دخل,,در برابر دررفت,
"درآمدن",وارد شدن,,,
"درا",درنده,,,
"دربایست",لازم,,,
"دربایستن",لازم بودن,,,
"درچیده",مرتب,,,
"درخورد",متناسب,,,
"دررفت",خرج,,در برابر درآمد,
"درزمان",فورا,,,
"دریافتن",درک کردن,,,
"دریغ",مضایغه,,برخی جاها به معنی افسوس به‌کار رفته,
"دریغیدن",مضایقه کردن,,,
"دریوزه",گدایی,,,
"دز",قلعه,daz,,
"دژ",بدی که با درشتی توام باشد,dozh,بر وزن لژ. این پیشوند نخست دژ بوده که هنوز در دشمن، دشنام و دشوار بازمانده,
"دژآگاه",وحشی,,,
"دژآگاه",فرهنگ ندیده و دارای آگاهی‌های ناراست,,,
"دژخوی",دارای خوی‌های بد و ناتراشیده,,,
"دژخیم",دارای خیم‌های بد و وحشیانه,,,
"دژرفتار",دارای رفتار بد و وحشیانه,,,
"دستادست",نقد,,,
"دستاویز",مستمسک,,,
"دستاویز",بهانه,,,
"دست‌کم",حداقل,,,
"دسته",اند بسیار از مردم است که گرد آمده‌اند و یک خواست همگانی را دانبال می‌کنند,,,دسته‌ای گرد آمده از دولت گله‌مند بودند
"دست یازیدن",دست دراز کردن,,,
"دستینه",امضا,,,
"دستینه",توقیع,,,
"دستینه نهادن",امضا کردن,,,
"دشنام",فحش,,,
"دشنام",سخن ناسزا,,,
"دشوار",مشکل,,,
"دغل‌کار",متقلب,,,
"دلبسته",علاقه‌مند,,,
"دوسخنی",اختلاف نظر,,,
"دهبان",نگهدازنده دیه,,,
"دهبان",کدخدا,,,
"دهه",دوره ده ساله,duhee,,
"دیگر کردن",تغییر دادن,,,
"دیگر شدن",تغییر یافتن,,,
"دیه",ده,dih,ده سبک شده دیه است,
"دیه",روستا,dih,ده سبک شده دیه است,
"راد",سخی,,,راد مرد
"راد",کریم,,,راد مرد
"رادی",سخاوت,,,
"رادی",کرم,,,
"راستکار",درستکار,,,
"راستکار",امین,,,
"راستی",حقیقت,,به جای این واژه بهتر است  «آمیغ» به‌کار رود,
"راستی پژوهی",خواستن و جستن حقیقت,,,
"راستی پژوهی",حقیقت‌جویی,,,
"راستی را",به راستی,,,
"راستی را",در حقیقت,,,
"راستی را",حقیقتا,,,
"راهبر",رهبر,,,
"راهبر",مدیر و اداره کننده,,,
"راه نمودن",راهنمایی کردن,,,
"راهی",عازم,,,
"رخت",لباس,,,
"رخدا",واقعه,,,
"رخدا",حادثه,,,
"رخداه",واقعه,,,
"رخداه",حادثه,,,
"رده",صف,rudee,,
"رده",ردیف,rudee,,
"رده بستن",صف بستن,,,
"رزم",رزمیدن,,تاختن یک سو به دیگریست. در زبان پاک به معنی «جنگ» به‌کار نمیرود,
"رزم",حمله,,تاختن یک سو به دیگریست. در زبان پاک به معنی «جنگ» به‌کار نمیرود,
"رزم",هجوم,,تاختن یک سو به دیگریست. در زبان پاک به معنی «جنگ» به‌کار نمیرود,
"رزماد",دسته رزمنده,ruzmad,رزم+آد,
"رزمیدن",حمله کردن,,,
"رزمیدن",هجوم بردن,,,
"رسا",بلیغ,,,
"رساناد",کمیته تبلیغ,rusanad,رسان+آد. یکی از بخش‌های یک باهماد,
"رسد",حصه سهم,rusud,بر وزن سبد,
"رشگ",حسد,,,
"رشگ",حسادت,,,
"رشگبر",حسود,,,
"روان",جار,,,
"روان",مجری,,,
"روان",روح,,آنچه مایه جدایی آدمی از دیگر جانوران است,
"روان گرداندن",مجری کردن,,,
"روان گرداندن",به اجرا در آوردن,,,
"روان گرداندن",جاری کردن,,,
"روانیدن",روان گرداندن,,,
"روزبه",عید,,,
"روزبهانه",عیدی,roozbehanee,,
"روزگار",عهد,,,
"روزگار",عصر,,,
"روشن گردانیدن",توضیح دادن,,,
"روشن گردانیدن",واضح کردن,,,
"رویا",دارای نیروی روییدن,rooya,,
"رویا",نبات,rooya,,
"رویاها",نباتات,,,
"رویه",صورت,,,
"رویه",ظاهر,,,
"رویه‌کاری",ظاهرسازی,,,
"ره آورد",سوغات,,,
"زاب",صف,,,
"زاب",چگونگی کسی یا چیزی,,,
"زابیدن",اتصاف,,,
"زبان دادن",قول دادن,,,
"زبون",ذلیل,,,
"زبون",خوار,,,
"زبونی",مذلت,,,
"زبونی",خواری,,,
"زردشتیگری",کیش زردشتی داشتن و هوادار آن بودن,,,
"زمستانگاه",قشلاق,,,
"زمینه",موضوع,,,
"زمینه",متن,,,
"زند",شرح,,,
"زند",تفسیر,,,
"زندیدن",شرح دادن,,,
"زیان",ضرر,,,
"زیانمند",مضر,,آخشیج سودمند,
"زیبیدن",شایسته و برازنده بودن,,در رخت و کلاه و این‌گونه چیزها,
"زینهار",امان,,,
"زینهار",پناه,,,
"ژرف",عمیق,zhurf,,
"ژرف",گود,zhurf,,
"ژرفا",عمق,,,
"ژرف‌بینی",تعمق,,ژرف‌نگری نیز در همین معنی است,
"ژرف‌بینی",غور,,ژرف‌نگری نیز در همین معنی است,
"سات",صفحه,,,
"ساختن",ساخت,,چیزی را که نمی‌بوده پدید آوردن است,خانه‌ای ساخت
"سار",پسوند و به معنی جایی است که یک چیزی در آن فراوان می‌باشد,,,کوهسار، چشمه‌سار‌، سنگسار
"سافه",رای,,,
"سافیدن",رای دادن,,,
"سالوس",ریاکار,,,
"سامان",نظم,,,
"سامانیان",ناظم,,,
"سامانیان",سامانگر,,,
"سان",حال,,,
"سان",چگونگی,,,
"سپاس",شکر,,,
"سپاس",تشکر,,,
"سپاس‌مند",متشکر,,,
"سپاهی‌گری",نظام,,,
"سپاهی‌گری",سربازی,,,
"سپنج",عاریت,,,
"سپهر",طبیعت,,,
"ستاره‌شماری",منجمی,,پی بردن به آینده کسی از روی ستارگان,
"ستاره‌شناسی",علم هیات,,,
"ستاندن",چیزی را از کسی بدون زور به‌دست آوردن,,,کتاب از او ستاندم
"سترسا",محسوس,,,
"سترسنده",محسوس شده,,,
"سترسیدن",محسوس شدن,sutursidun,,
"سترگ",جسیم,sotorg,آنچه از تنه و کالبد بزرگ باشد,
"سترون",نازا,,,
"سترون",عقیم,,,
"ستهیدن",لجاجت کردن,,ستیزیدن که سپس در همین معنی به‌کار برده شده درست‌تر است,
"ستیز",لجبازی,,,
"ستیزا",لجباز,,,
"ستیزه",لج,,,
"ستیزه",لجبازی,,,
"ستیزه",عناد,,,
"ستیزیدن",لجاجت کردن,,,
"سختی‌کشی",ریاضت,,,
"سده",قرن,,صده,
"سده",دوره صد ساله,,صده,
"سده ‌های میانه",قرون وسطی,,,
"سرانجام",عاقبت,,,
"سرانجام",بالاخره,,,
"سررشته‌داری",حکومت,,,
"سرسخن",عنوان,,در مقاله و مانند آن,
"سرسخن",تیتر,,در مقاله و مانند آن,
"سرشت",خمیره,,,
"سرشتن",خمیر کردن,,,
"سرشتن",ترکیب کردن,,,
"سرگفتار",عنوان,,,
"سرگفتار",تیتر,,,
"سرودن",سرود,,,
"سرودن",خواندن با آواز,,,
"سرودن",آواز خواندن گروهی,,,
"سروزیر",نخست‌وزیر,,,
"سروزیر",صدراعظم,,,
"سزا",سزنده,,,
"سزا",جایز,,,
"سزا",حق کسی,,,
"سزیدن",جایز بودن,,,
"سزیدن",حق کسی بودن,,,
"سکالاد",هیئت شورا,sokalad,سکال+آد,
"سکالاد",شورا,sokalad,سکال+آد,
"سکالاد",کنگره,sokalad,سکال+آد,
"سکالش",شور,,,
"سکالش",مشورت,,,
"سکالش‌گاه",مجلس شورا,,,
"سکالش‌گاه",پارلمان,,,
"سکالیدن",مشورت کردن,,,
"سمرد",وهم,sumurd,بر وزن نبرد,
"سمرد",خیال,sumurd,بر وزن نبرد,
"سمرد",آن‌چه در اندیشه آدمی پدید آید,sumurd,بر وزن نبرد,
"سمردیدن",خیال کردن,,,
"سمردیدن",تخیل,,,
"سنجش",مقایسه,,,
"سنجش",ملاحظه,,,
"سنگین",ساخته شده از سنگ,,در معنای آخشیج سبک، «گران» باید گفت,
"سنگسار",جایی که از آن سنگ فراوان باشد,,سنگلاخ غلط است,
"سود جستن",استفاده کردن,,,
"سودجویی",استفاده,,,
"سوزناک",آنچه سوزانیده شود,,سوزان+اک,
"سوگند",قسم,,,
"سهالیدن",برانگیختن احساسات,,,
"سهالیدن",متاثر گردانیدن,,,
"سهش",احساس,suhec,,
"سهش‌ها",احساسات,,,
"سهیدن",احساس کردن,,,
"سهیدن",انگیخته شدن احساسات,,,
"سیاهه",پیش‌نویس,,,
"سیاهه",چرک‌نویس,,,
"شاوش",شکایت,savec,بر وزن سازش,
"شاویدن",شکایت کردن,cavidun,,
"شایا",شاینده,,,
"شایا",شایسته,,,
"شایا",لایق,,,
"شاید",شایسته است,,,
"شاید",لیاقت دارد,,,
"شایستن",کسی از روی فهم و خرد و نیکویی و کاردانی در خور جایگاهی یا کاری در خور کسی بودن است,,,
"شدسیدن",دریافتن یا یکی از حواس پنج‌گانه,sudsidun,بر وزن چیدن,
"شکیبیدن",صبر کردن,,,
"شگفت",عجیب,segeft,,
"شگفت",تعجب,segeft,,
"شلپ",شیرین,sugp,آخشیج تلخ,
"شلپه",شیرینی,,,
"شناخته",معروف,,,
"شورش",انقلاب,,,
"شوند",علت,covund,بر وزن بلند,
"شوند",جهت,covund,بر وزن بلند,
"شوند",موجب,covund,بر وزن بلند,
"شوند",آنچه کاری را بهر آن کنند,covund,بر وزن بلند,
"شهری‌گری",تمدن,,,
"شهری‌گری",سویلیزاسیون,,,
"شیرین",آمده از شیر,,,
"شیرین",لبنیات,,,
"شیعی‌گری",کیش شیعه داشتن و هوادار آن بودن,,,
"شیوا",فصیح,,,
"شیوا",دلنشین بودن,,,
"شیوه",طریقه,,,
"شیوه",سبک,,,
"صده",سده,,,
"صده",قرن,,,
"صده",دوره صد ساله,,,
"صوفی‌گری",صوفی بودن,,,
"صوفی‌گری",افکار صوفیانه داشتن,,,
"علی اللهی‌گری",کیش علی اللهی داشتن و هوادار آن بودن,,,
"غدغن",تاکید,,,
"فراهمیدن",اجتماع کردن,,,
"فرجاد",وجدان,,,
"فرجام",عاقبت,,,
"فرمایش",امر,,اصطلاح دستوری,
"فرمودن",امر کردن,,,
"فرمودن",فرمان دادن,,,
"فرودگاه",منزل,,,
"فرهش",وحی,furhec,,
"فرهنگ",ادب,,در اصطلاح به معنی کتاب لغت,
"فرهیخت",تربیت,furhix,,
"فرهیخت",فرهیزیدن,,,
"فرهیختار",مربی,,,
"فرهیختار",تربیت کننده,,,
"فرهیختن",تربیت کردن,,,
"فرهیختن",فرهیزیدن,,,
"فرهیدن",وحی کردن,,,
"فرهیزاد",هیئتی که برای فرهیخت کسانی گرد آمده‌اند,,,
"فرهیزاد",هیئتی از مربیان که با هم به‌کار پردازند,,,
"فوکا",جماد,,,
"فوکاها",جمادات,,,
"فوکیدن",جامد بودن یا شدن,fukidqn,,
"فهلان",مشغول,fuhlan,,
"فهلش",شغل,,,
"فهلش",اشتغال,,,
"فهلیدن",مشغول شدن,fuhlidun,,
"فهلیدن",اشتغال یافتن,fuhlidun,,
"فیروز",موفق,,,
"فیروزی",موفقیت,,,
"کاچال",اثاث خانه,,,
"کاربستن",به‌کار بستن,,,
"کاربستن",اجرا کردن,,,
"کارواژه",فعل,,,
"کارواژه یاور",کاریاور,,,
"کارواژه یاور",فعل معین,,,
"کارواژه یاور",فعل کمکی,,,
"کالبد",جسم,,,
"کالبد",قالب,,,
"کانون",مرکز,,,
"کراد",هیئت اجرائیه کمیته مرکزی,curad,کر+اد,
"کرانه",ساحل,,,
"کرانه",حد,,,
"کردن",به کاری برخاستن است,,,هر چه توانست کرد. «با فلان دوستی کرد» یعنی راستی را با اون دوست بود
"کرف",ثواب,,بر وزن برف,
"کرف",کرفه,,,
"کرفه‌کاری",کار ثواب کردن,,,
"کشتگاه",کشتنگاه,,این به جز «کشتارگار» به معنی سلاخ‌خانه است,
"کشتگاه",مقتل,,این به جز «کشتارگار» به معنی سلاخ‌خانه است,
"کشتگاه",مشهد,,این به جز «کشتارگار» به معنی سلاخ‌خانه است,
"کشش",جذب,,,
"کشش",جاذبه,,,
"کشنده",قاتل,,,
"کفشگر",کفشدوز,,,
"کفشگر",کفاش,,,
"کمابیش",تقریبا,,,
"کم‌اندام",ناقص‌العضو,,,
"کمی",نقص,,,
"کمینه",حداقل,,,
"کمینه",مینیمم,,,
"کناره‌جویی",استعفا,,,
"کناره‌جستن",استعفا دادن,,,
"کناک",آنچه کنند,konak,کن+اک,
"کناک",اعمال,konak,کن+اک,
"کننده",فاعل,,اصطلاح دستوری,
"کوتاه سخن",متخصر کلام,,,
"کوتاه سخن",خلاصه مطلب,,,
"کوتاه‌شده",خلاصه,,,
"کوچیدن",مهاجرت کردن,,,
"کوچیدن",هجرت,,,
"کوشاد",هیئتی که برای کوشیدن گرد آمده‌اند,koocad,کوش+اد,
"کوشاد",کمیته شهرستان (در حزب‌ها),koocad,کوش+اد,
"کوشندگان",مجاهدین,,,
"کوی",محله,,,
"کهراییدن",نهی کردن,kurayidun,,
"کهن",قدیمی,,,
"کیش",مذهب,,,
"کیفر",سزای کار بد,,,
"کیفر",مجازات,,,
"گام",قدم,,,
"گام‌زدن",قدم زدن,,,
"گذرا",متعدی,,اصطلاح دستوری برای فعل‌ها,
"گذرا",مسری,,,
"گذرا",سرایت‌کننده,,,
"گرامی",عزیز,,گرام در این معنی غلط است,پسرش را گرامی داشتم
"گرامی",آن است که یکی به او ارج گزارد,,,پسرش را گرامی داشتم
"گران",وزین,,,
"گران",سنگین,,,
"گراییدن",میل کردن,,,
"گراییدن",متمایل بودن,,,
"گرد آمدن",جمع شدن,,,
"گرد آوردن",جمع کردن,,,
"گرد آوردن",جمع‌آوری کردن,,,
"گردانیدن",چیزی را از حالی به حالی دیگر انداختن,,,باغ را ویران گردانید. دیوار را بلند گردانید
"گرفتن",چیزی را با زور به چنگ آوردن و داشتن,,,
"گرویدن",ایمان آوردن,,,
"گروه",جمع,,,
"گروه",مردمی که در جایی گرد آمده‌اند,,,
"گری",این پسوند پذیرفتن چیزی و هوادار آن بودن را رساند,,صوفی‌گری. بهایی‌گری. شیعی‌گری. زردشتی‌گری. اروپایی‌گری,
"گریبان",یقه,,,
"گزا",گزنده,guza,بر وزن عزا,
"گزارش",تاویل,,,
"گزارش",تعبیر,,,
"گزاستن",گزاردن,,دو فعل «گذاشتن» و «گزاشتن» در همه معنی‌های خود در زبان پاک به رویه دوم نوشته می‌شود,
"گزند",صدمه,,زیانی که به تن آدمی رسد,
"گزیدن",انتخاب کردن,,,
"گزیر",تصمیم,,به‌کار بردن «ناگزیر» به معنی «ناچار» غلط است,
"گزیراد",کمیسیون,goziad,گزیر+اد. کسانی که برای گرفتن تصمیم درباره موضوعی گرد آمده باشند,
"گزیرش",تصمیم,,,
"گزیریدن",تصمیم گرفتن,,,
"گزینش",انتخاب,,,
"گسارنده",مصرف‌کننده,,,
"گساریدن",مصرف‌کردن,,,
"گستاخ",جسور,,,
"گستراک",آنچه گسترند,gosturak,گستر+اک,
"گشایش",فتح,,,
"گشایش",افتتاح,,,
"گشایش",فرج,,,
"گشودن",گشایش,,,
"گشودن",بازکردن,,,
"گشودن",فتح کردن,,,
"گشودن",افتتاح کردن,,,
"گفتار",مقاله,,آنچه در یک زمینه گفته یا نوشته شود,
"گلکار",بنا,,,
"گمارده",مامور,,,
"گمارش",ماموریت,,,
"گماشتن",مامور کردن,,,
"گماشتن",ماموریت دادن,,,
"گماشتن",به کار واداشتن,,,
"گمان",ظن,goman,,
"گواه",شاهد,govah,,
"گواهی دادن",شهادت دادن,,,
"گونه",نوع,,,
"گونه",قسم,,,
"گوهر",ذات,,معنی خود را نیز دارد,
"گوهر",اصل,,معنی خود را نیز دارد,
"گویا",گمان می‌رود,,گویی، تو گویی یا تو گفتی معنی مانستن را رساند,فلان کس اینجا می‌بود ولی گویا رفته است. از هر سو چراغ‌ها می‌درخشند، تو گویی روز روشن است
"گویا",چیزی که خود معنی خود را نشان دهد,,,این جمله بسیار گویاست
"گویش",لهجه,,,
"گیتی",زمین و دیگر ستاره‌ها بی‌زندگانی و زندگان,,,با جهان هزار گیتی می‌بود و نشانی از زندگانی در آن نمی‌بود
"لابه",التماس,,,
"لابیدن",التماس کردن,,,
"لاخ ",پسوند به معنی جایی که یک چیز بسیار پیدا شود,,,دزدلاخ. شیرلاخ. پلنگ‌لاخ
"لاییدن",عوعو کردن,,,
"لاییدن",پاس سگ,,,
"لغزش",خطا,,,
"ماده",مؤنث,madee,بر وزن باده. نوشتن و خواندن آن با تشدید دال غلط است,
"مادیگری",ماتریالیسم,,,
"مادینه",مونث,,,
"مانانیدن",تشبیه کردن,,,
"مانستن",شبیه بودن,,,
"مانندگی",مانستگی,,,
"مانندگی",شباهت,,,
"مانندگی",تشابه,,,
"مانند",شبیه,,,
"مایه",سبب,,به‌کار بردن واژه «شوند» در این معنی درست‌تر است,
"مایه",موجب,,به‌کار بردن واژه «شوند» در این معنی درست‌تر است,
"مرغوا",تشام چیزی به فال بد گرفتن,morgova,,
"مروا",تفال,,,
"مروا",چیزی را به فال نیک گرفتن,morva,,
"مژده",خبر خوش,,به‌کار بردن «نوید» در این معنی غلط است,
"مستمند",محتاج شدید,,,
"مسیحی‌گری",کیش مسیحی داشتن و هوادار آن بودن,,,
"مشگری",در سوگواری‌ها مردم را گریاندن,,آخشیج رامشگری,
"مند",پسوند به معنی دارنده یک چیز پایدار,,,خردمند، سودمند، ارجمند
"مون",خاصیت ذاتی یک چیز,,,
"موی ستر",سلمانی,mooysotor,,
"مویشگری",مشگری,,آخشیج رامشگری,
"مهنامه",مجله,,سبک شده ماهنامه,
"مانجی",واسطه شفیع,,,
"میانجی‌گری",وساطت,,,
"میانجی‌گری",شفاعت,,,
"میانه‌گزینی",اعتدال,,,
"میزبان",مهمان‌دار,,,
"میزبان",صاحب‌خانه (در مهمانی),,,
"ناآگاه",بی‌اطلاع,,,
"ناآگاه",غافل,,,
"ناب",خالص,,,
"ناب",ناآمیخته,,,
"نابسامان",بی‌نظم,,,
"نابسامان",درهم‌ریخته,,,
"نابکار",آنچه یا آنکه به‌کاری نمیخورد,,آخشیج کارآمد، این واژه را در معنی بد به‌کار می‌برند که درست نیست,
"نابهوش",غافل,,آخشیج بهوش,
"نابهوش",بی‌توجه,,آخشیج بهوش,
"نابیوسان",غیرمنتظره,,,
"نابیوسان",بر خلاف انتظار,,,
"ناپیدا",غیبت,,,
"ناپیدا",غایب,,,
"ناچاری",جبر,,در برابر «چاره‌داری» که به معنی اختیار و تفویض است,
"نازش",افتخار,,,
"نازیدن",افتخار کردن,,,
"ناک",پسوند و به معنی دارنده یک حال ناپایدار است,,,خشمناک، دردناک، تابناک
"ناگذار",لازم,,اصطلاح دستوری,
"ناگذار",نامتعدی,,اصطلاح دستوری,
"ناگه‌گیر",غافل‌گیر,,,
"نام‌واژه",اسم,,اصطلاح دستوری,
"ناهودا",غیر منتج,,,
"نبرد",مبارزه,,دشمنی که دو تن یا دو دسته با هم کنند و از راه‌های گوناگون به زیان هم و برای برانداختن یکدیگر کوشند,
"نبردیدن",نبرد کردن,,,
"نبردیدن",مبارزه کردن,,,
"نتوانستنی",معجزه,,,
"نرینه",مذکر,,,
"نزد",نزدیکی کسی,,به‌کار بردن پیش و پهلو در این معنی غلط است,به نزد من آمده بود و با هم می‌بودیم
"نشدنی",غیرممکن,,,
"نشدنی",محال,,,
"نشست",جلسه,,,
"نکوهش",مذمت,,,
"نکوهیدن",ذم چیزی را گفتن,,,
"نکوهیده",مذموم,,,
"نگارنده",نقاش,,,
"نگاره",نقش,,,
"نگاشتن",نگاریدن,,این را نباید در معنی نوشتن به‌کار برد,
"نگاشتن",نقاشی کردن,,این را نباید در معنی نوشتن به‌کار برد,
"نگراد",کمیسیون,negurad,نگر+اد. چند تنی که برای درنگریستن (دقت) در کاری گرد هم آمده‌اند,
"نگرش",نظر,negarec,نگر+ش,
"نگرش",نگاه,negarec,نگر+ش,
"نگریستن",نگاه کردن,,جدایی میان این و دیدن و همچنین شنیدن و نوشیدن، پروا کردنیست,
"نماز بردن",سجده کردن,,,
"نمودن",نشان دادن,,به‌کار بردن این واژه به معنی «کردن» درست نیست,فروتنی نمود. چنین نمود که نمی‌فهمد
"نوا",گروگان,,,
"نوا",گروی,,,
"نوازاد",ارکستر,nuvazad,نوار+اد,
"نواندیش",متجدد,,,
"نواندیشی",تجدد,,,
"نواندیشی",رنسانس,,,
"نوشاک",آنچه نوشیده شود,noocak,نوش+اک,
"نوید",وعده,,,
"نویسا",منشی,,,
"نویسا",محرر,,,
"نویساچ",افزار نوشتن,,نویس+اچ,قلم، مداد، گچ و مانند این‌ها
"نویساد",هیئت تحریریه,nevisad,نویس+اد,
"نوین",تازه,,,
"نوین",جدید,,,
"نهاد",طبع,,,
"نهاد",سرشت,,,
"نهادن",قرار گزاشتن,,معنی خود را نیز دارد,
"نهادن",قرارداد کردن,,معنی خود را نیز دارد,
"نهانی",پنهانی,,,
"نهانی",سری,,,
"نهانی",محرمانه,,,
"نهش",قرار,,,
"نهش",شرط,,,
"نیا",جد,,,
"نیا",پدربزرگ,,,
"نیارستنی",معجزه,,نتوانستنی هم به این معنی به‌کار رفته,
"نیازاک",مایحتاج,,,
"نیایش",عبادت,,,
"نیایش",دعا,,,
"نیاییدن",نیایش کردن,,با فروتنی و پاسداری در برابر خدا ایستادن و سخن گفتن,
"نیرنگ",حیله,nerung,,
"نیک گردانیدن",اصلاح کردن,,,
"نیک‌نهاد",نجیب,,,
"نیک‌نهاد",نجابت,,,
"نیکی‌پذیر",اصلاح شدنی,,,
"نیکی‌پذیر",اصلاح‌پذیر,,,
"نیم‌روز",ظهر,,,
"نیم‌روز",جنوب,,,
"نیم‌زبان",زبان محلی,,,
"نیوشیدن",گوش کردن با دقت، توجه و اراده,,با شنیدن جدایی دارد؛ چنانکه دیدن و نگریستن با هم جدایی دارند,پند وی را نیوشیدم. پند مرا بنیوش
